{
  "project_info": {
    "project_number": "247165351901",
    "firebase_url": "https://akili-dc1f9.firebaseio.com",
    "project_id": "akili-dc1f9",
    "storage_bucket": "akili-dc1f9.appspot.com"
  },
  "client": [
    {
      "client_info": {
        "mobilesdk_app_id": "1:247165351901:android:c7ea0fe9bf143a873ba834",
        "android_client_info": {
          "package_name": "com.danielogbuti.akilihealth"
        }
      },
      "oauth_client": [
        {
          "client_id": "247165351901-jrg24qtnqc945217uis8f9gkfmbjmbgd.apps.googleusercontent.com",
          "client_type": 1,
          "android_info": {
            "package_name": "com.danielogbuti.akilihealth",
            "certificate_hash": "8424cc559fc72f5ed626cd7fd416c8884f4b92fc"
          }
        },
        {
          "client_id": "247165351901-sedpk8dkm9pig2tk3l2k1ltp0jbu8d62.apps.googleusercontent.com",
          "client_type": 3
        }
      ],
      "api_key": [
        {
          "current_key": "AIzaSyDJxDwGPMYWS3QHlxblJ18SJ7x6QJCr58s"
        }
      ],
      "services": {
        "appinvite_service": {
          "other_platform_oauth_client": [
            {
              "client_id": "247165351901-sedpk8dkm9pig2tk3l2k1ltp0jbu8d62.apps.googleusercontent.com",
              "client_type": 3
            }
          ]
        }
      }
    },
    {
      "client_info": {
        "mobilesdk_app_id": "1:247165351901:android:64951791909e514f",
        "android_client_info": {
          "package_name": "com.danielogbuti.mindcare"
        }
      },
      "oauth_client": [
        {
          "client_id": "247165351901-5r85lnn9jauv10n0ptsh6noe59l0oejb.apps.googleusercontent.com",
          "client_type": 1,
          "android_info": {
            "package_name": "com.danielogbuti.mindcare",
            "certificate_hash": "8424cc559fc72f5ed626cd7fd416c8884f4b92fc"
          }
        },
        {
          "client_id": "247165351901-sedpk8dkm9pig2tk3l2k1ltp0jbu8d62.apps.googleusercontent.com",
          "client_type": 3
        }
      ],
      "api_key": [
        {
          "current_key": "AIzaSyDJxDwGPMYWS3QHlxblJ18SJ7x6QJCr58s"
        }
      ],
      "services": {
        "appinvite_service": {
          "other_platform_oauth_client": [
            {
              "client_id": "247165351901-sedpk8dkm9pig2tk3l2k1ltp0jbu8d62.apps.googleusercontent.com",
              "client_type": 3
            }
          ]
        }
      }
    }
  ],
  "configuration_version": "1"
}